<?xml version="1.0" encoding="UTF-8"?>

<ruleset xmlns:xsi="http://www.w3.org/2001/XMLSchema-instance"
         xsi:noNamespaceSchemaLocation="vendor/squizlabs/php_codesniffer/phpcs.xsd">

    <arg name="basepath" value="."/>
    <arg name="cache" value=".phpcs-cache"/>
    <arg name="colors"/>
    <arg name="extensions" value="php"/>
    <arg name="extensions" value="php"/>

    <rule ref="PSR2"/>

    <rule ref="Generic.Files.LineEndings.InvalidEOLChar">
        <message>End of line character is invalid.
Dear Wilder using Windows, it seems you miss something in readme during project install. You should edit your IDE settings as recommended in the install instruction.</message>
    </rule>

    <file>config/</file>
    <file>public/</file>
    <file>src/</file>
</ruleset>
