<?xml version="1.0" encoding="UTF-8" ?>
<ruleset name="PHPMD rule set"
         xmlns="http://pmd.sf.net/ruleset/1.0.0"
         xmlns:xsi="http://www.w3.org/2001/XMLSchema-instance"
         xsi:schemaLocation="http://pmd.sf.net/ruleset/1.0.0
                     http://pmd.sf.net/ruleset_xml_schema.xsd"
         xsi:noNamespaceSchemaLocation="
                     http://pmd.sf.net/ruleset_xml_schema.xsd">
    <rule ref="rulesets/cleancode.xml" >
        <exclude name="ElseExpression" />
        <exclude name="StaticAccess" />
    </rule>
    <rule ref="rulesets/codesize.xml" />
    <rule ref="rulesets/controversial.xml" >
        <exclude name="Superglobals" />
    </rule>
    <rule ref="rulesets/design.xml" >
        <exclude name="CouplingBetweenObjects" />
    </rule>
    <rule ref="rulesets/design.xml/CouplingBetweenObjects">
        <properties>
            <property name="minimum" value="20" />
        </properties>
    </rule>
    <rule ref="rulesets/naming.xml" >
        <exclude name="ShortVariable" />
    </rule>
    <rule ref="rulesets/naming.xml/ShortVariable">
        <properties>
            <property name="exceptions" value="id,db" />
        </properties>
    </rule>
    <rule ref="rulesets/unusedcode.xml" />

    <exclude-pattern>src/Migrations</exclude-pattern>
</ruleset>